Sample Name,Volume (cm^3),Mass (g),Field (A/m),Frequency (Hz),Azimuth (deg),Dip (deg),K11 (Spec),K22 (Spec),K33 (Spec),K12 (Spec),K23 (Spec),K13 (Spec),Holder Value,Bulk Susceptibility,Standard deviation,K1,K2,K3,K1 DEC (Spec),K1 INC (Spec),K2 DEC (Spec),K2 INC (Spec),K3 DEC (Spec),K3 INC (Spec),K1 DEC (Geo),K1 INC (Geo),K2 DEC (Geo),K2 INC (Geo),K3 DEC (Geo),K3 INC (Geo),L,F,P,P',P1,P2,P3,P4,Demag Factor,Holder,Date,Comments,
CUBE12646071, 7.00,, 200, 976,, 90, 0.321394, 0.339282, 0.339324,-0.000898, 0.000191,-0.000313,-4.272E-06, 1.115E-03, 3.548E-04, 1.018605, 1.017364, 0.964031, 93.8, 45.2, 271.9, 44.8, 2.9, 1.0, 44.8, 2.7, 134.8, 1.3, 251.3, 87.0, 1.0012, 1.0553, 1.0566, 1.0649, 12,0, 12,0,YES,3D,8/29/2023 6:55:13 PM,,
CUBE12646091, 7.00,, 200, 976,, 90, 0.325019, 0.337340, 0.337641,-0.000784,-0.000023,-0.000998,-4.272E-06, 1.289E-03, 1.489E-04, 1.013172, 1.012155, 0.974673, 126.4, 81.8, 273.1, 6.9, 3.6, 4.5, 6.6, 4.9, 96.9, 3.0, 218.8, 84.3, 1.0010, 1.0385, 1.0395, 1.0452, 12,0, 12,0,YES,3D,8/29/2023 6:58:28 PM,,
CUBE12646111, 7.00,, 200, 976,, 90, 0.319573, 0.341117, 0.339310,-0.001354, 0.000821,-0.001090,-4.272E-06, 1.581E-03, 1.440E-04, 1.024679, 1.017019, 0.958302, 94.7, 22.0, 266.1, 67.8, 3.5, 3.0, 68.0, 4.3, 337.9, 1.5, 229.1, 85.4, 1.0075, 1.0613, 1.0693, 1.0761, 12,0, 12,0,YES,3D,8/29/2023 7:00:38 PM,,
CUBE12646131, 7.00,, 200, 976,, 90, 0.311904, 0.344651, 0.343446,-0.001605,-0.000428, 0.002346,-4.272E-06, 1.446E-03, 1.897E-04, 1.034846, 1.030188, 0.934966, 274.4, 22.0, 82.6, 67.5, 182.7, 4.2, 112.1, 4.1, 202.3, 2.8, 326.9, 85.0, 1.0045, 1.1018, 1.1068, 1.1215, 12,0, 12,0,YES,3D,8/29/2023 7:02:18 PM,,
CUBE12646631, 7.00,, 200, 976,, 90, 0.321237, 0.340157, 0.338607,-0.000922,-0.000104,-0.001441,-4.272E-06, 1.413E-03, 1.658E-04, 1.020608, 1.016175, 0.963218, 272.7, 1.3, 167.2, 85.1, 2.8, 4.7, 91.3, 2.7, 1.1, 4.8, 210.6, 84.5, 1.0044, 1.0550, 1.0596, 1.0666, 12,0, 12,0,YES,3D,8/29/2023 7:03:57 PM,,
CUBE12646651, 7.00,, 200, 976,, 90, 0.331440, 0.334086, 0.334474,-0.000996, 0.000003,-0.001584,-4.272E-06, 1.590E-03, 1.330E-04, 1.005902, 1.002519, 0.991579, 140.5, 56.0, 275.1, 25.3, 15.6, 21.1, 23.2, 25.6, 115.4, 4.6, 214.9, 63.9, 1.0034, 1.0110, 1.0144, 1.0151, 12,0, 12,0,YES,3D,8/29/2023 7:06:09 PM,,
CUBE12646671, 7.00,, 200, 976,, 90, 0.331635, 0.334386, 0.333979,-0.000690, 0.000232,-0.001517,-4.272E-06, 1.471E-03, 1.096E-04, 1.005351, 1.002209, 0.992440, 124.4, 42.6, 258.8, 37.2, 9.2, 24.8, 41.9, 24.5, 307.7, 8.9, 199.2, 63.7, 1.0031, 1.0098, 1.0130, 1.0136, 12,0, 12,0,YES,3D,8/29/2023 7:08:08 PM,,
CUBE12646761, 7.00,, 200, 976,, 90, 0.316219, 0.344128, 0.339653,-0.003401, 0.000924,-0.008515,-4.272E-06, 1.966E-03, 1.472E-04, 1.036734, 1.023757, 0.939509, 105.4, 28.1, 247.7, 56.0, 5.7, 17.6, 61.1, 13.6, 328.1, 12.2, 197.5, 71.6, 1.0127, 1.0897, 1.1035, 1.1131, 12,0, 12,0,YES,3D,8/29/2023 7:10:13 PM,,
CUBE12646781, 7.00,, 200, 976,, 90, 0.332429, 0.334392, 0.333179,-0.000547, 0.000227,-0.000988,-4.272E-06, 1.528E-03, 1.057E-04, 1.004148, 1.000730, 0.995122, 112.8, 21.1, 229.6, 49.6, 8.5, 32.7, 67.3, 21.2, 327.0, 24.8, 192.9, 56.4, 1.0034, 1.0056, 1.0091, 1.0092, 12,0, 12,0,YES,3D,8/29/2023 7:12:19 PM,,
CUBE12646801, 7.00,, 200, 976,, 90, 0.325897, 0.337344, 0.336758,-0.000711, 0.000758,-0.000903,-4.272E-06, 1.452E-03, 1.271E-04, 1.013893, 1.008748, 0.977359, 96.4, 35.3, 267.0, 54.3, 3.2, 4.5, 54.5, 5.2, 324.4, 1.8, 215.7, 84.5, 1.0051, 1.0321, 1.0374, 1.0406, 12,0, 12,0,YES,3D,8/29/2023 7:14:13 PM,,
CUBE12646841, 7.00,, 200, 976,, 90, 0.335764, 0.335569, 0.328667,-0.003229,-0.008706,-0.000590,-4.272E-06, 1.772E-03, 1.399E-04, 1.027050, 1.005903, 0.967047, 293.5, 29.5, 191.9, 19.6, 73.2, 53.4, 121.7, 20.3, 330.1, 67.2, 215.4, 9.9, 1.0210, 1.0402, 1.0620, 1.0631, 12,0, 12,0,YES,3D,8/29/2023 7:15:50 PM,,
CUBE12646861, 7.00,, 200, 976,, 90, 0.321054, 0.339633, 0.339313,-0.000656, 0.000349, 0.000099,-4.272E-06, 1.492E-03, 1.288E-04, 1.019611, 1.017298, 0.963091, 91.8, 31.8, 272.6, 58.2, 182.0, 0.3, 58.2, 1.5, 148.2, 1.4, 279.8, 87.9, 1.0023, 1.0563, 1.0587, 1.0667, 12,0, 12,0,YES,3D,8/29/2023 7:17:43 PM,,
CUBE12646901, 7.00,, 200, 976,, 90, 0.304844, 0.349227, 0.345929,-0.003657, 0.000200,-0.004036,-4.272E-06, 2.237E-03, 1.745E-04, 1.048831, 1.038689, 0.912481, 95.5, 9.0, 243.7, 79.4, 4.6, 5.5, 80.9, 5.4, 350.5, 4.7, 220.0, 82.8, 1.0098, 1.1383, 1.1494, 1.1682, 12,0, 12,0,YES,3D,8/29/2023 7:19:32 PM,,
CUBE12646931, 7.00,, 200, 976,, 90, 0.304132, 0.353132, 0.342736,-0.004754, 0.001206,-0.009175,-4.272E-06, 1.595E-03, 2.021E-04, 1.062105, 1.032824, 0.905070, 97.7, 12.1, 230.6, 72.5, 5.0, 12.4, 77.8, 7.5, 346.3, 11.0, 201.5, 76.6, 1.0284, 1.1412, 1.1735, 1.1864, 12,0, 12,0,YES,3D,8/29/2023 7:21:46 PM,,
CUBE12646951, 7.00,, 200, 976,, 90, 0.313910, 0.351232, 0.334857, 0.006434, 0.002043,-0.005889,-4.272E-06, 1.349E-03, 1.799E-04, 1.057127, 1.009177, 0.933696, 81.0, 3.6, 184.6, 74.9, 350.1, 14.6, 266.4, 8.9, 358.8, 15.0, 146.6, 72.4, 1.0475, 1.0808, 1.1322, 1.1337, 12,0, 12,0,YES,3D,8/29/2023 7:23:31 PM,,
CUBE12646971, 7.00,, 200, 976,, 90, 0.308310, 0.343338, 0.348353,-0.001647, 0.004998,-0.002472,-4.272E-06, 1.512E-03, 1.711E-04, 1.054922, 1.020760, 0.924318, 97.4, 58.1, 270.2, 31.7, 2.2, 3.2, 31.7, 3.9, 121.7, 0.2, 214.4, 86.1, 1.0335, 1.1043, 1.1413, 1.1475, 12,0, 12,0,YES,3D,8/29/2023 7:25:07 PM,,
CUBE12646991, 7.00,, 200, 976,, 90, 0.337557, 0.336453, 0.325990,-0.000956, 0.000466, 0.000504,-4.272E-06, 3.524E-03, 6.731E-05, 1.014336, 1.007832, 0.977831, 330.3, 1.0, 60.4, 3.8, 225.7, 86.1, 92.0, 60.3, 265.7, 29.6, 357.2, 2.7, 1.0065, 1.0307, 1.0373, 1.0399, 12,0, 12,0,YES,3D,8/29/2023 7:27:01 PM,,
CUBE12647051, 7.00,, 200, 976,, 90, 0.318376, 0.339324, 0.342300,-0.000064, 0.001148,-0.002073,-4.272E-06, 4.651E-03, 8.632E-05, 1.028558, 1.016850, 0.954592, 104.7, 71.3, 268.3, 18.0, 359.9, 4.9, 18.1, 4.6, 288.0, 1.6, 178.9, 85.1, 1.0115, 1.0652, 1.0775, 1.0837, 12,0, 12,0,YES,3D,8/29/2023 7:28:34 PM,,
CUBE12647071, 7.00,, 200, 976,, 90, 0.324701, 0.337978, 0.337322, 0.000835, 0.000130, 0.000290,-4.272E-06, 1.971E-03, 1.072E-04, 1.014180, 1.011894, 0.973926, 86.2, 11.4, 272.7, 78.5, 176.4, 1.3, 258.5, 3.7, 168.5, 0.5, 70.4, 86.2, 1.0023, 1.0390, 1.0413, 1.0466, 12,0, 12,0,YES,3D,8/29/2023 7:30:12 PM,,
CUBE12647091, 7.00,, 200, 976,, 90, 0.317383, 0.341479, 0.341138, 0.000786, 0.001968,-0.000844,-4.272E-06, 3.693E-03, 1.034E-04, 1.029853, 1.018181, 0.951966, 90.0, 42.5, 265.6, 47.4, 358.0, 2.2, 227.5, 0.0, 317.5, 3.0, 137.1, 87.0, 1.0115, 1.0696, 1.0818, 1.0887, 12,0, 12,0,YES,3D,8/29/2023 7:31:49 PM,,
CUBE12647131, 7.00,, 200, 976,, 90, 0.329369, 0.335445, 0.335186,-0.000602,-0.000191,-0.000186,-4.272E-06, 9.410E-04, 1.754E-04, 1.006743, 1.005348, 0.987909, 274.8, 23.9, 100.1, 66.0, 5.7, 2.0, 114.0, 4.4, 23.7, 4.1, 250.7, 84.0, 1.0014, 1.0177, 1.0191, 1.0213, 12,0, 12,0,YES,3D,8/29/2023 7:33:47 PM,,
CUBE12647151, 7.00,, 200, 976,, 90, 0.308186, 0.345016, 0.346798,-0.003036, 0.000955, 0.004470,-4.272E-06, 1.076E-03, 2.010E-04, 1.042422, 1.035331, 0.922247, 71.4, 73.9, 276.5, 14.7, 184.8, 6.6, 195.3, 5.1, 104.8, 6.3, 324.1, 81.9, 1.0068, 1.1226, 1.1303, 1.1476, 12,0, 12,0,YES,3D,8/29/2023 7:35:18 PM,,
CUBE12647171, 7.00,, 200, 976,, 90, 0.325251, 0.337959, 0.336790,-0.000999, 0.000695, 0.000776,-4.272E-06, 1.558E-03, 1.040E-04, 1.014929, 1.009729, 0.975341, 92.9, 23.3, 284.0, 66.3, 184.7, 4.1, 66.7, 2.7, 156.9, 5.6, 311.1, 83.8, 1.0052, 1.0353, 1.0406, 1.0442, 12,0, 12,0,YES,3D,8/29/2023 7:36:53 PM,,
CUBE12647191, 7.00,, 200, 976,, 90, 0.324322, 0.337995, 0.337683, 0.000378, 0.000333, 0.000357,-4.272E-06, 1.856E-03, 1.205E-04, 1.014676, 1.012416, 0.972908, 87.5, 32.7, 270.8, 57.3, 178.5, 1.5, 237.3, 2.1, 147.3, 0.4, 46.0, 87.9, 1.0022, 1.0406, 1.0429, 1.0484, 12,0, 12,0,YES,3D,8/29/2023 7:38:28 PM,,
CUBE12647321, 7.00,, 200, 976,, 90, 0.326625, 0.335620, 0.337755,-0.002015, 0.001114, 0.002522,-4.272E-06, 3.793E-03, 5.929E-05, 1.015434, 1.007784, 0.976782, 58.6, 72.3, 285.5, 12.3, 192.8, 12.5, 195.2, 9.1, 102.7, 15.2, 315.2, 72.2, 1.0076, 1.0317, 1.0396, 1.0420, 12,0, 12,0,YES,3D,8/29/2023 7:40:21 PM,,
CUBE12647341, 7.00,, 200, 976,, 90, 0.325204, 0.338374, 0.336422,-0.000689,-0.000839,-0.002147,-4.272E-06, 1.212E-03, 1.380E-04, 1.016059, 1.009673, 0.974269, 269.5, 20.8, 119.1, 66.4, 3.6, 10.7, 290.8, 0.5, 20.9, 11.2, 198.3, 78.8, 1.0063, 1.0363, 1.0429, 1.0463, 12,0, 12,0,YES,3D,8/29/2023 7:42:06 PM,,
CUBE12647361, 7.00,, 200, 976,, 90, 0.319446, 0.341998, 0.338556,-0.001116, 0.001233,-0.006633,-4.272E-06, 1.726E-03, 1.215E-04, 1.028957, 1.018995, 0.952048, 102.3, 30.6, 246.4, 53.9, 1.7, 17.3, 58.9, 10.6, 326.3, 13.6, 185.5, 72.6, 1.0098, 1.0703, 1.0808, 1.0883, 12,0, 12,0,YES,3D,8/29/2023 7:47:06 PM,,
CUBE12647401, 7.00,, 200, 976,, 90, 0.324796, 0.337393, 0.337811,-0.000362, 0.000937,-0.005327,-4.272E-06, 1.612E-03, 1.138E-04, 1.020264, 1.011057, 0.968679, 132.1, 61.9, 262.9, 19.2, 0.1, 19.6, 21.6, 18.4, 289.4, 6.7, 180.3, 70.4, 1.0091, 1.0437, 1.0533, 1.0570, 12,0, 12,0,YES,3D,8/29/2023 7:48:58 PM,,
CUBE12647421, 7.00,, 200, 976,, 90, 0.317544, 0.342413, 0.340042, 0.002133, 0.000833,-0.008402,-4.272E-06, 1.793E-03, 1.640E-04, 1.028648, 1.027656, 0.943697, 124.2, 62.3, 258.1, 20.0, 355.1, 18.3, 23.4, 15.1, 290.4, 11.1, 165.4, 71.0, 1.0010, 1.0890, 1.0900, 1.1040, 12,0, 12,0,YES,3D,8/29/2023 7:50:59 PM,,
CUBE12647441, 7.00,, 200, 976,, 90, 0.294189, 0.357514, 0.348297, 0.000967, 0.002194,-0.004481,-4.272E-06, 3.680E-03, 2.262E-04, 1.074028, 1.044572, 0.881401, 90.0, 12.7, 249.0, 76.4, 359.0, 4.7, 77.3, 0.0, 347.2, 4.9, 167.7, 85.1, 1.0282, 1.1851, 1.2185, 1.2386, 12,0, 12,0,YES,3D,8/29/2023 7:52:50 PM,,
CUBE12648041, 7.00,, 200, 976,, 90, 0.307226, 0.347191, 0.345583, 0.004156, 0.001708,-0.000553,-4.272E-06, 3.732E-03, 1.386E-04, 1.045609, 1.034039, 0.920353, 84.7, 29.2, 262.2, 60.8, 354.1, 1.1, 240.7, 4.6, 331.0, 3.8, 100.3, 84.0, 1.0112, 1.1235, 1.1361, 1.1518, 12,0, 12,0,YES,3D,8/29/2023 7:54:56 PM,,
CUBE12648041, 7.00,, 200, 976,, 90, 0.300379, 0.350247, 0.349374,-0.000727, 0.001633,-0.002112,-4.272E-06, 4.312E-03, 1.972E-04, 1.054707, 1.044455, 0.900838, 92.7, 38.2, 267.7, 51.7, 0.8, 2.4, 51.7, 2.1, 321.7, 1.4, 197.2, 87.4, 1.0098, 1.1594, 1.1708, 1.1933, 12,0, 12,0,YES,3D,8/29/2023 7:56:33 PM,,
CUBE12648081, 7.00,, 200, 976,, 90, 0.313049, 0.344818, 0.342132, 0.002482, 0.002048,-0.007400,-4.272E-06, 3.885E-03, 1.102E-04, 1.038025, 1.028894, 0.933081, 94.3, 33.9, 246.3, 52.8, 355.0, 13.6, 56.1, 3.6, 325.2, 14.1, 160.1, 75.5, 1.0089, 1.1027, 1.1125, 1.1256, 12,0, 12,0,YES,3D,8/29/2023 7:58:36 PM,,
CUBE12648141, 7.00,, 200, 976,, 90, 0.302015, 0.352734, 0.345251, 0.001889, 0.002771,-0.009432,-4.272E-06, 4.786E-03, 1.905E-04, 1.061042, 1.039149, 0.899809, 91.7, 19.9, 238.2, 66.6, 357.3, 11.9, 70.1, 1.6, 339.8, 12.1, 167.5, 77.8, 1.0211, 1.1549, 1.1792, 1.1966, 12,0, 12,0,YES,3D,8/29/2023 8:00:27 PM,,
CUBE12648701, 7.00,, 200, 976,, 90, 0.318475, 0.340114, 0.341411, 0.000981, 0.000156,-0.001282,-4.272E-06, 1.640E-03, 1.296E-04, 1.024471, 1.020454, 0.955076, 124.7, 84.7, 267.2, 4.2, 357.4, 3.2, 4.3, 3.0, 274.2, 2.8, 140.9, 85.9, 1.0039, 1.0685, 1.0727, 1.0820, 12,0, 12,0,YES,3D,8/29/2023 8:02:54 PM,,
CUBE12648721, 7.00,, 200, 976,, 90, 0.318458, 0.341898, 0.339644, 0.001293,-0.001016,-0.005440,-4.272E-06, 1.839E-03, 1.681E-04, 1.028489, 1.020208, 0.951303, 258.7, 33.0, 106.6, 53.7, 357.6, 13.5, 303.5, 9.5, 35.1, 9.7, 170.0, 76.3, 1.0081, 1.0724, 1.0811, 1.0896, 12,0, 12,0,YES,3D,8/29/2023 8:04:52 PM,,
CUBE12648741, 7.00,, 200, 976,, 90, 0.309968, 0.346639, 0.343393,-0.003009,-0.005466,-0.007376,-4.272E-06, 3.644E-03, 1.584E-04, 1.052491, 1.023580, 0.923929, 265.9, 38.8, 110.9, 48.4, 6.3, 12.6, 308.9, 3.2, 39.7, 13.7, 206.0, 75.9, 1.0282, 1.1079, 1.1391, 1.1471, 12,0, 12,0,YES,3D,8/29/2023 8:06:25 PM,,
CUBE12648761, 7.00,, 200, 976,, 90, 0.308583, 0.346230, 0.345187,-0.000930, 0.000418,-0.003297,-4.272E-06, 1.803E-03, 1.843E-04, 1.039489, 1.035709, 0.924803, 93.8, 26.0, 261.1, 63.5, 1.3, 5.1, 64.0, 3.4, 333.7, 4.0, 194.8, 84.7, 1.0037, 1.1199, 1.1240, 1.1422, 12,0, 12,0,YES,3D,8/29/2023 8:08:15 PM,,
CUBE12648781, 7.00,, 200, 976,, 90, 0.303270, 0.348953, 0.347777,-0.002588, 0.000785,-0.006594,-4.272E-06, 2.821E-03, 1.852E-04, 1.050201, 1.043242, 0.906557, 99.9, 39.8, 263.5, 49.1, 3.0, 8.2, 49.8, 7.6, 319.2, 4.2, 200.2, 81.3, 1.0067, 1.1508, 1.1585, 1.1807, 12,0, 12,0,YES,3D,8/29/2023 8:09:44 PM,,
CUBE12648801, 7.00,, 200, 976,, 90, 0.310797, 0.347059, 0.342145,-0.000923, 0.002424,-0.008300,-4.272E-06, 2.772E-03, 1.430E-04, 1.045734, 1.028071, 0.926195, 98.5, 29.4, 248.2, 56.9, 0.5, 13.9, 60.3, 7.4, 328.8, 11.7, 181.9, 76.1, 1.0172, 1.1100, 1.1291, 1.1405, 12,0, 12,0,YES,3D,8/29/2023 8:11:17 PM,,
CUBE12649471, 7.00,, 200, 976,, 90, 0.312484, 0.349547, 0.337970, 0.002100, 0.001507,-0.006431,-4.272E-06, 2.541E-03, 1.416E-04, 1.049362, 1.018222, 0.932416, 87.8, 6.1, 201.6, 75.2, 356.4, 13.5, 263.9, 2.2, 354.4, 13.8, 165.2, 76.0, 1.0306, 1.0920, 1.1254, 1.1307, 12,0, 12,0,YES,3D,8/29/2023 8:13:06 PM,,
CUBE12649491, 7.00,, 200, 976,, 90, 0.309826, 0.346684, 0.343491, 0.003423, 0.000234,-0.007637,-4.272E-06, 4.368E-03, 1.533E-04, 1.041312, 1.035055, 0.923633, 262.1, 12.7, 127.1, 72.3, 354.9, 12.1, 282.8, 7.7, 14.3, 10.6, 157.4, 76.9, 1.0060, 1.1206, 1.1274, 1.1447, 12,0, 12,0,YES,3D,8/29/2023 8:14:40 PM,,
CUBE12649511, 7.00,, 200, 976,, 90, 0.296847, 0.352809, 0.350343, 0.004509, 0.000156,-0.006019,-4.272E-06, 4.796E-03, 2.173E-04, 1.059653, 1.052877, 0.887470, 264.5, 8.3, 122.4, 79.6, 355.5, 6.3, 278.3, 5.4, 8.8, 5.5, 144.3, 82.2, 1.0064, 1.1864, 1.1940, 1.2228, 12,0, 12,0,YES,3D,8/29/2023 8:17:18 PM,,
CUBE12649531, 7.00,, 200, 976,, 90, 0.328137, 0.336473, 0.335390, 0.001033, 0.001707,-0.004552,-4.272E-06, 1.964E-03, 1.099E-04, 1.014952, 1.008002, 0.977045, 117.6, 51.1, 245.8, 26.6, 350.1, 26.2, 35.6, 16.9, 298.7, 21.5, 160.7, 62.1, 1.0069, 1.0317, 1.0388, 1.0414, 12,0, 12,0,YES,3D,8/29/2023 8:20:03 PM,,
CUBE12649921, 7.00,, 200, 976,, 90, 0.328417, 0.335659, 0.335924,-0.000052, 0.001909,-0.003679,-4.272E-06, 2.589E-03, 8.441E-05, 1.015642, 1.003774, 0.980584, 118.8, 52.7, 252.3, 27.7, 355.1, 22.9, 33.7, 17.0, 298.8, 15.6, 168.5, 66.6, 1.0118, 1.0236, 1.0358, 1.0364, 12,0, 12,0,YES,3D,8/29/2023 8:21:42 PM,,
CUBE12649941, 7.00,, 200, 976,, 90, 0.306669, 0.353158, 0.340174, 0.002900, 0.000362,-0.013456,-4.272E-06, 2.910E-03, 1.852E-04, 1.060085, 1.034590, 0.905325, 265.6, 2.9, 167.4, 70.5, 356.6, 19.3, 272.9, 4.4, 4.4, 19.1, 170.5, 70.4, 1.0246, 1.1428, 1.1709, 1.1852, 12,0, 12,0,YES,3D,8/29/2023 8:24:28 PM,,
CUBE12650101, 7.00,, 200, 976,, 90, 0.317826, 0.342938, 0.339236,-0.001486, 0.001434,-0.001430,-4.272E-06, 2.938E-03, 1.238E-04, 1.030696, 1.016341, 0.952963, 94.4, 19.6, 263.2, 70.1, 3.2, 3.6, 70.4, 4.2, 340.2, 2.3, 221.4, 85.2, 1.0141, 1.0665, 1.0816, 1.0872, 12,0, 12,0,YES,3D,8/29/2023 8:26:39 PM,,
CUBE12650121, 7.00,, 200, 976,, 90, 0.317840, 0.347310, 0.334850,-0.004726, 0.000109,-0.007569,-4.272E-06, 3.910E-03, 1.102E-04, 1.044572, 1.012301, 0.943127, 100.4, 6.3, 207.0, 68.9, 8.1, 20.1, 83.6, 10.3, 350.0, 18.7, 201.1, 68.4, 1.0319, 1.0733, 1.1076, 1.1103, 12,0, 12,0,YES,3D,8/29/2023 8:28:16 PM,,
CUBE12650141, 7.00,, 200, 976,, 90, 0.312281, 0.345169, 0.342550,-0.001057,-0.000769,-0.004011,-4.272E-06, 3.574E-03, 1.248E-04, 1.036135, 1.028707, 0.935157, 269.9, 15.3, 117.2, 72.9, 2.0, 7.5, 285.3, 0.1, 15.3, 7.7, 194.8, 82.3, 1.0072, 1.1000, 1.1080, 1.1213, 12,0, 12,0,YES,3D,8/29/2023 8:30:06 PM,,
CUBE12650161, 7.00,, 200, 976,, 90, 0.319658, 0.341396, 0.338946,-0.002272, 0.000376,-0.005351,-4.272E-06, 3.208E-03, 9.335E-05, 1.026239, 1.019513, 0.954248, 102.4, 25.8, 249.2, 60.0, 5.3, 14.2, 63.7, 11.1, 331.7, 10.2, 200.1, 74.8, 1.0066, 1.0684, 1.0754, 1.0838, 12,0, 12,0,YES,3D,8/29/2023 8:34:11 PM,,
CUBE12650181, 7.00,, 200, 976,, 90, 0.316688, 0.343363, 0.339949,-0.002466, 0.001686,-0.004758,-4.272E-06, 3.687E-03, 1.122E-04, 1.034108, 1.019111, 0.946781, 100.1, 27.7, 255.3, 59.9, 4.4, 10.7, 61.9, 9.0, 330.8, 7.3, 202.1, 78.4, 1.0147, 1.0764, 1.0922, 1.0992, 12,0, 12,0,YES,3D,8/29/2023 8:35:47 PM,,
CUBE12650201, 7.00,, 200, 976,, 90, 0.304356, 0.351302, 0.344343, 0.001769, 0.001971,-0.011931,-4.272E-06, 4.134E-03, 1.896E-04, 1.055643, 1.041455, 0.902903, 92.7, 18.6, 230.0, 65.5, 357.4, 15.5, 71.4, 2.6, 340.7, 15.5, 170.6, 74.3, 1.0136, 1.1535, 1.1692, 1.1891, 12,0, 12,0,YES,3D,8/29/2023 8:37:25 PM,,
CUBE12650221, 7.00,, 200, 976,, 90, 0.312282, 0.347068, 0.340650, 0.000621, 0.002008,-0.013569,-4.272E-06, 3.842E-03, 1.609E-04, 1.044936, 1.034685, 0.920379, 103.7, 34.0, 241.7, 47.7, 358.0, 21.9, 55.2, 11.4, 321.3, 18.6, 175.0, 68.0, 1.0099, 1.1242, 1.1353, 1.1517, 12,0, 12,0,YES,3D,8/29/2023 8:39:31 PM,,
CUBE12649551, 7.00,, 200, 976,, 90, 0.323589, 0.341519, 0.334893, 0.000992,-0.001170,-0.006968,-4.272E-06, 2.254E-03, 1.284E-04, 1.026278, 1.012938, 0.960784, 259.8, 18.4, 137.9, 57.9, 358.8, 25.4, 288.6, 9.7, 22.9, 23.2, 177.5, 64.6, 1.0132, 1.0543, 1.0682, 1.0723, 12,0, 12,0,YES,3D,8/29/2023 8:41:05 PM,,
CUBE12651031, 7.00,, 200, 976,, 90, 0.311404, 0.345897, 0.342699,-0.001061, 0.001537,-0.002912,-4.272E-06, 4.360E-03, 1.356E-04, 1.039925, 1.026741, 0.933333, 93.8, 23.7, 259.9, 65.7, 1.5, 5.2, 66.3, 3.5, 336.1, 4.1, 196.3, 84.6, 1.0128, 1.1001, 1.1142, 1.1255, 12,0, 12,0,YES,3D,8/29/2023 8:43:43 PM,,
CUBE12651051, 7.00,, 200, 976,, 90, 0.302296, 0.349779, 0.347926,-0.004226, 0.000289,-0.002400,-4.272E-06, 4.370E-03, 1.749E-04, 1.050792, 1.043804, 0.905404, 95.7, 12.7, 262.2, 77.0, 5.0, 2.9, 77.3, 5.5, 347.1, 1.8, 239.6, 84.2, 1.0067, 1.1529, 1.1606, 1.1832, 12,0, 12,0,YES,3D,8/29/2023 8:45:30 PM,,
CUBE12651071, 7.00,, 200, 976,, 90, 0.303863, 0.348523, 0.347614, 0.001249, 0.001243, 0.000602,-4.272E-06, 3.536E-03, 1.963E-04, 1.048300, 1.040238, 0.911461, 87.9, 34.8, 269.5, 55.2, 178.4, 0.7, 235.2, 1.7, 325.2, 0.3, 64.8, 88.3, 1.0078, 1.1413, 1.1501, 1.1703, 12,0, 12,0,YES,3D,8/29/2023 8:47:56 PM,,
CUBE12651111, 7.00,, 200, 976,, 90, 0.315902, 0.344851, 0.339247, 0.001673,-0.000777, 0.001315,-4.272E-06, 3.491E-03, 1.200E-04, 1.035100, 1.017718, 0.947182, 267.0, 7.0, 61.4, 82.3, 176.6, 3.3, 277.0, 2.9, 186.8, 3.7, 45.5, 85.3, 1.0171, 1.0745, 1.0928, 1.0988, 12,0, 12,0,YES,3D,8/29/2023 8:50:30 PM,,
CUBE12651091, 7.00,, 200, 976,, 90, 0.302858, 0.350169, 0.346973, 0.002486, 0.001810,-0.002462,-4.272E-06, 3.643E-03, 2.008E-04, 1.053059, 1.039198, 0.907743, 88.3, 23.2, 259.3, 66.5, 356.9, 3.3, 246.8, 1.6, 336.9, 4.3, 136.7, 85.5, 1.0133, 1.1448, 1.1601, 1.1786, 12,0, 12,0,YES,3D,8/29/2023 8:52:05 PM,,
CUBE12651131, 7.00,, 200, 976,, 90, 0.313555, 0.344576, 0.341869, 0.003663, 0.001270, 0.003904,-4.272E-06, 3.581E-03, 1.406E-04, 1.037498, 1.024551, 0.937951, 80.2, 25.8, 278.3, 63.0, 173.7, 7.3, 243.9, 8.8, 153.3, 3.8, 40.4, 80.4, 1.0126, 1.0923, 1.1061, 1.1162, 12,0, 12,0,YES,3D,8/29/2023 8:53:44 PM,,
CUBE12651151, 7.00,, 200, 976,, 90, 0.318248, 0.339738, 0.342014, 0.001176,-0.000383, 0.002081,-4.272E-06, 1.937E-03, 1.311E-04, 1.026681, 1.019317, 0.954001, 305.0, 82.0, 86.3, 6.3, 176.8, 5.0, 173.4, 4.6, 263.7, 3.7, 32.4, 84.1, 1.0072, 1.0685, 1.0762, 1.0843, 12,0, 12,0,YES,3D,8/29/2023 8:55:32 PM,,
CUBE12651641, 7.00,, 200, 976,, 90, 0.321153, 0.340434, 0.338413, 0.001109,-0.000107,-0.000808,-4.272E-06, 1.389E-03, 1.609E-04, 1.021526, 1.015316, 0.963159, 266.5, 4.3, 118.5, 85.0, 356.7, 2.6, 274.3, 3.4, 4.4, 2.4, 129.0, 85.8, 1.0061, 1.0542, 1.0606, 1.0668, 12,0, 12,0,YES,3D,8/29/2023 8:57:24 PM,,
CUBE12651661, 7.00,, 200, 976,, 90, 0.324275, 0.337072, 0.338653,-0.002000,-0.000229, 0.001079,-4.272E-06, 1.473E-03, 1.120E-04, 1.016488, 1.011820, 0.971692, 293.2, 74.5, 97.5, 14.9, 188.6, 4.0, 165.7, 6.0, 75.0, 7.2, 295.2, 80.6, 1.0046, 1.0413, 1.0461, 1.0508, 12,0, 12,0,YES,3D,8/29/2023 8:58:58 PM,,
CUBE12651681, 7.00,, 200, 976,, 90, 0.322859, 0.337954, 0.339187,-0.001322, 0.000698,-0.000718,-4.272E-06, 1.659E-03, 1.060E-04, 1.018770, 1.013075, 0.968155, 99.4, 63.5, 273.7, 26.4, 4.9, 2.3, 26.2, 4.2, 116.5, 3.3, 244.8, 84.6, 1.0056, 1.0464, 1.0523, 1.0575, 12,0, 12,0,YES,3D,8/29/2023 9:00:30 PM,,
CUBE12652641, 7.00,, 200, 976,, 90, 0.320036, 0.339712, 0.340252,-0.000702, 0.000854,-0.001040,-4.272E-06, 1.693E-03, 1.343E-04, 1.022858, 1.017261, 0.959880, 95.8, 53.7, 269.8, 36.1, 1.9, 2.9, 36.1, 3.4, 306.1, 0.1, 213.8, 86.6, 1.0055, 1.0598, 1.0656, 1.0730, 12,0, 12,0,YES,3D,8/29/2023 9:02:01 PM,,
CUBE12651701, 7.00,, 200, 976,, 90, 0.315114, 0.345145, 0.339741,-0.001080, 0.000108, 0.000844,-4.272E-06, 1.905E-03, 1.368E-04, 1.035555, 1.019308, 0.945138, 92.0, 0.8, 339.4, 87.9, 182.1, 2.0, 89.2, 2.0, 179.3, 2.0, 313.7, 87.2, 1.0159, 1.0785, 1.0957, 1.1026, 12,0, 12,0,YES,3D,8/29/2023 9:03:32 PM,,
CUBE12651721, 7.00,, 200, 976,, 90, 0.317973, 0.341233, 0.340794,-0.001515,-0.000017,-0.001486,-4.272E-06, 3.279E-03, 1.003E-04, 1.024035, 1.022628, 0.953337, 94.3, 9.9, 253.5, 79.4, 3.7, 3.7, 80.1, 4.3, 349.9, 3.0, 225.0, 84.8, 1.0014, 1.0727, 1.0742, 1.0853, 12,0, 12,0,YES,3D,8/29/2023 9:05:10 PM,,
CUBE12651741, 7.00,, 200, 976,, 90, 0.315221, 0.343391, 0.341388,-0.001622, 0.000426, 0.001128,-4.272E-06, 3.745E-03, 1.112E-04, 1.030638, 1.024130, 0.945232, 92.9, 9.7, 287.6, 80.0, 183.3, 2.5, 80.3, 2.8, 170.4, 3.0, 307.1, 85.8, 1.0064, 1.0835, 1.0904, 1.1012, 12,0, 12,0,YES,3D,8/29/2023 9:06:38 PM,,
CUBE12652871, 7.00,, 200, 976,, 90, 0.298678, 0.355508, 0.345814,-0.011612,-0.007603,-0.012912,-4.272E-06, 3.829E-03, 2.429E-04, 1.080066, 1.042091, 0.877843, 275.4, 24.1, 131.3, 61.1, 12.3, 15.0, 114.2, 4.9, 22.5, 18.6, 218.5, 70.7, 1.0364, 1.1871, 1.2304, 1.2481, 12,0, 12,0,YES,3D,8/29/2023 9:08:08 PM,,
CUBE12652891, 7.00,, 200, 976,, 90, 0.349939, 0.343812, 0.306249,-0.002490,-0.006007,-0.037203,-4.272E-06, 4.605E-03, 2.842E-04, 1.113785, 1.033457, 0.852758, 182.0, 29.9, 274.6, 4.5, 12.3, 59.7, 356.5, 60.0, 94.5, 4.6, 187.1, 29.5, 1.0777, 1.2119, 1.3061, 1.3172, 12,0, 12,0,YES,3D,8/29/2023 9:09:41 PM,,
CUBE12652931, 7.00,, 200, 976,, 90, 0.334645, 0.353367, 0.311988, 0.005099,-0.006145,-0.031676,-4.272E-06, 4.016E-03, 2.579E-04, 1.089296, 1.041885, 0.868819, 224.7, 27.7, 123.9, 19.6, 3.3, 55.0, 306.7, 39.0, 66.7, 31.7, 182.3, 34.9, 1.0455, 1.1992, 1.2538, 1.2708, 12,0, 12,0,YES,3D,8/29/2023 10:08:57 PM,,
CUBE12652911, 7.00,, 200, 976,, 90, 0.298141, 0.351917, 0.349943,-0.010550, 0.000543, 0.007477,-4.272E-06, 3.943E-03, 2.221E-04, 1.062416, 1.052186, 0.885399, 282.7, 14.8, 73.8, 73.2, 190.6, 7.7, 105.1, 12.2, 196.2, 4.6, 306.5, 76.9, 1.0097, 1.1884, 1.1999, 1.2276, 12,0, 12,0,YES,3D,8/29/2023 10:18:42 PM,,
CUBE12653891, 7.00,, 200, 976,, 90, 0.317156, 0.342470, 0.340374, 0.000310,-0.002052,-0.004045,-4.272E-06, 3.043E-03, 1.208E-04, 1.031869, 1.018718, 0.949414, 263.3, 35.0, 103.2, 53.3, 0.1, 9.6, 305.2, 5.5, 36.0, 7.8, 180.5, 80.4, 1.0129, 1.0730, 1.0868, 1.0938, 12,0, 12,0,YES,3D,8/29/2023 10:20:26 PM,,
CUBE12653911, 7.00,, 200, 976,, 90, 0.310009, 0.345782, 0.344209,-0.001829,-0.001111,-0.004770,-4.272E-06, 4.926E-03, 1.450E-04, 1.039106, 1.033142, 0.927752, 268.6, 29.6, 106.5, 59.2, 3.1, 7.9, 299.6, 1.2, 29.8, 8.4, 201.4, 81.6, 1.0058, 1.1136, 1.1200, 1.1362, 12,0, 12,0,YES,3D,8/29/2023 10:21:58 PM,,
CUBE12653931, 7.00,, 200, 976,, 90, 0.301773, 0.351494, 0.346733,-0.001519, 0.002407,-0.006258,-4.272E-06, 4.679E-03, 1.807E-04, 1.058421, 1.038907, 0.902672, 95.1, 26.0, 256.1, 62.8, 1.4, 7.7, 64.0, 4.6, 333.4, 6.3, 189.9, 82.2, 1.0188, 1.1509, 1.1725, 1.1901, 12,0, 12,0,YES,3D,8/29/2023 10:23:26 PM,,
CUBE12653951, 7.00,, 200, 976,, 90, 0.306447, 0.348897, 0.344655,-0.000007,-0.000989,-0.010340,-4.272E-06, 4.642E-03, 1.715E-04, 1.048024, 1.040494, 0.911482, 263.8, 24.1, 118.2, 61.5, 0.3, 14.2, 294.2, 5.6, 25.5, 13.0, 181.3, 75.8, 1.0072, 1.1415, 1.1498, 1.1702, 12,0, 12,0,YES,3D,8/29/2023 10:24:58 PM,,
CUBE12653971, 7.00,, 200, 976,, 90, 0.313469, 0.343945, 0.342585,-0.002521,-0.000062,-0.000559,-4.272E-06, 2.602E-03, 1.275E-04, 1.032458, 1.027788, 0.939754, 274.7, 0.6, 156.1, 88.8, 4.7, 1.1, 90.6, 4.7, 0.5, 1.1, 256.8, 85.2, 1.0045, 1.0937, 1.0986, 1.1119, 12,0, 12,0,YES,3D,8/29/2023 10:27:18 PM,,
CUBE12653991, 7.00,, 200, 976,, 90, 0.314061, 0.344843, 0.341097,-0.001455, 0.001494, 0.002093,-4.272E-06, 2.117E-03, 1.434E-04, 1.036143, 1.022396, 0.941461, 91.4, 18.6, 286.1, 70.8, 182.9, 4.5, 71.4, 1.3, 161.5, 5.2, 327.5, 84.6, 1.0134, 1.0860, 1.1006, 1.1094, 12,0, 12,0,YES,3D,8/29/2023 10:28:46 PM,,
CUBE12654801, 7.00,, 200, 976,, 90, 0.308282, 0.346006, 0.345712,-0.000974, 0.000552,-0.003723,-4.272E-06, 3.429E-03, 1.612E-04, 1.040096, 1.036224, 0.923680, 97.1, 45.7, 266.0, 43.8, 1.4, 5.6, 44.1, 5.0, 313.8, 2.9, 193.8, 84.2, 1.0037, 1.1218, 1.1260, 1.1445, 12,0, 12,0,YES,3D,8/29/2023 10:30:34 PM,,
CUBE12654821, 7.00,, 200, 976,, 90, 0.298679, 0.353197, 0.348124,-0.002697, 0.000562,-0.006010,-4.272E-06, 5.393E-03, 1.907E-04, 1.060458, 1.046035, 0.893507, 94.0, 10.3, 240.0, 77.6, 2.7, 6.8, 79.7, 3.9, 349.2, 6.2, 201.8, 82.7, 1.0138, 1.1707, 1.1868, 1.2097, 12,0, 12,0,YES,3D,8/29/2023 10:32:04 PM,,
CUBE12654841, 7.00,, 200, 976,, 90, 0.304642, 0.349838, 0.345521, 0.000551, 0.002535,-0.009788,-4.272E-06, 3.355E-03, 1.854E-04, 1.054142, 1.038678, 0.907180, 96.9, 32.2, 249.8, 54.7, 358.6, 12.9, 57.6, 5.8, 326.4, 11.5, 174.0, 77.1, 1.0149, 1.1450, 1.1620, 1.1800, 12,0, 12,0,YES,3D,8/29/2023 10:33:36 PM,,
CUBE12654861, 7.00,, 200, 976,, 90, 0.307853, 0.349280, 0.342867,-0.008313,-0.003068,-0.007445,-4.272E-06, 5.104E-03, 1.559E-04, 1.053755, 1.032395, 0.913850, 278.6, 12.9, 142.3, 72.5, 11.3, 11.7, 103.0, 8.4, 10.9, 13.8, 223.6, 73.8, 1.0207, 1.1297, 1.1531, 1.1665, 12,0, 12,0,YES,3D,8/29/2023 10:41:23 PM,,
CUBE12654881, 7.00,, 200, 976,, 90, 0.312681, 0.343805, 0.343513,-0.000147, 0.000791,-0.007358,-4.272E-06, 3.515E-03, 1.341E-04, 1.036650, 1.030304, 0.933046, 115.5, 62.3, 264.1, 24.1, 359.9, 12.8, 25.3, 11.5, 294.2, 5.4, 179.8, 77.2, 1.0062, 1.1042, 1.1110, 1.1255, 12,0, 12,0,YES,3D,8/29/2023 10:43:12 PM,,
CUBE12654901, 7.00,, 200, 976,, 90, 0.308490, 0.347671, 0.343839,-0.002443, 0.001176,-0.010912,-4.272E-06, 4.852E-03, 1.632E-04, 1.047587, 1.036525, 0.915888, 104.7, 36.1, 253.6, 49.6, 2.9, 15.7, 53.0, 11.8, 320.8, 10.6, 190.0, 74.0, 1.0107, 1.1317, 1.1438, 1.1611, 12,0, 12,0,YES,3D,8/29/2023 10:44:55 PM,,
CUBE12655561, 7.00,, 200, 976,, 90, 0.308305, 0.346838, 0.344857, 0.002188,-0.000505,-0.013636,-4.272E-06, 5.336E-03, 1.772E-04, 1.049548, 1.039373, 0.911079, 230.3, 61.2, 94.8, 21.4, 357.3, 18.3, 337.1, 17.9, 68.5, 4.4, 171.9, 71.5, 1.0098, 1.1408, 1.1520, 1.1712, 12,0, 12,0,YES,3D,8/29/2023 10:46:52 PM,,
CUBE12655581, 7.00,, 200, 976,, 90, 0.309508, 0.348264, 0.342228, 0.005640, 0.003291, 0.001279,-4.272E-06, 2.674E-03, 1.584E-04, 1.051499, 1.022447, 0.926054, 81.4, 22.6, 265.3, 67.3, 172.0, 1.4, 247.2, 7.9, 337.4, 1.8, 80.2, 81.9, 1.0284, 1.1041, 1.1355, 1.1428, 12,0, 12,0,YES,3D,8/29/2023 10:48:21 PM,,
CUBE12655601, 7.00,, 200, 976,, 90, 0.314705, 0.345752, 0.339543, 0.007344,-0.001804,-0.006429,-4.272E-06, 5.227E-03, 1.399E-04, 1.045914, 1.018692, 0.935394, 253.7, 21.3, 106.1, 65.2, 348.4, 12.1, 292.1, 15.2, 23.9, 6.7, 136.9, 73.3, 1.0267, 1.0891, 1.1182, 1.1238, 12,0, 12,0,YES,3D,8/29/2023 10:50:06 PM,,
CUBE12655621, 7.00,, 200, 976,, 90, 0.304349, 0.351427, 0.344224, 0.000798, 0.001402,-0.009198,-4.272E-06, 4.634E-03, 1.697E-04, 1.055139, 1.037945, 0.906916, 91.5, 12.3, 224.9, 72.4, 358.7, 12.4, 77.7, 1.4, 347.4, 12.4, 174.2, 77.5, 1.0166, 1.1445, 1.1634, 1.1807, 12,0, 12,0,YES,3D,8/29/2023 10:51:42 PM,,
CUBE12655641, 7.00,, 200, 976,, 90, 0.298224, 0.352825, 0.348951,-0.001841, 0.000338,-0.004960,-4.272E-06, 4.637E-03, 1.908E-04, 1.058875, 1.048070, 0.893055, 92.7, 8.1, 237.9, 80.2, 1.9, 5.5, 81.9, 2.6, 351.7, 5.2, 198.8, 84.2, 1.0103, 1.1736, 1.1857, 1.2105, 12,0, 12,0,YES,3D,8/29/2023 10:53:21 PM,,
CUBE12655661, 7.00,, 200, 976,, 90, 0.318706, 0.337314, 0.343981, 0.009641, 0.002834,-0.007806,-4.272E-06, 2.850E-03, 1.435E-04, 1.038596, 1.024111, 0.937293, 176.4, 74.4, 68.5, 4.9, 337.2, 14.7, 1.0, 15.5, 264.8, 21.4, 124.2, 63.1, 1.0141, 1.0926, 1.1081, 1.1177, 12,0, 12,0,YES,3D,8/29/2023 10:54:52 PM,,
CUBE12656051, 7.00,, 200, 976,, 90, 0.310070, 0.347866, 0.342064, 0.001811,-0.000864,-0.006084,-4.272E-06, 4.947E-03, 1.418E-04, 1.044626, 1.028721, 0.926653, 265.3, 12.5, 126.0, 73.7, 357.6, 10.3, 282.6, 4.6, 13.3, 9.5, 166.9, 79.4, 1.0155, 1.1101, 1.1273, 1.1393, 12,0, 12,0,YES,3D,8/29/2023 10:57:02 PM,,
CUBE12656071, 7.00,, 200, 976,, 90, 0.308224, 0.344047, 0.347729,-0.004266,-0.000650,-0.000592,-4.272E-06, 4.382E-03, 1.194E-04, 1.043522, 1.033343, 0.923136, 271.3, 80.0, 96.9, 9.9, 6.7, 1.0, 170.0, 0.2, 80.0, 6.8, 261.9, 83.2, 1.0099, 1.1194, 1.1304, 1.1460, 12,0, 12,0,YES,3D,8/29/2023 10:59:06 PM,,
CUBE12656091, 7.00,, 200, 976,, 90, 0.321373, 0.338980, 0.339647, 0.002001, 0.001435,-0.001176,-4.272E-06, 2.048E-03, 1.066E-04, 1.022380, 1.014462, 0.963158, 88.3, 50.7, 260.0, 39.0, 353.3, 4.1, 219.3, 1.1, 309.4, 7.8, 121.6, 82.1, 1.0078, 1.0533, 1.0615, 1.0670, 12,0, 12,0,YES,3D,8/29/2023 11:05:18 PM,,
CUBE12656111, 7.00,, 200, 976,, 90, 0.300643, 0.349924, 0.349433,-0.004606,-0.001124,-0.005678,-4.272E-06, 1.771E-03, 2.048E-04, 1.052486, 1.048859, 0.898655, 270.1, 38.6, 103.4, 50.6, 5.4, 6.6, 128.6, 0.1, 38.6, 8.5, 219.0, 81.5, 1.0035, 1.1671, 1.1712, 1.1978, 12,0, 12,0,YES,3D,8/29/2023 11:06:46 PM,,
CUBE12656271, 7.00,, 200, 976,, 90, 0.314517, 0.350642, 0.334841, 0.007219,-0.004906,-0.031619,-4.272E-06, 4.721E-03, 2.186E-04, 1.089850, 1.036196, 0.873954, 227.1, 41.5, 108.9, 28.1, 356.4, 35.7, 320.4, 30.7, 60.6, 16.7, 175.1, 54.2, 1.0518, 1.1856, 1.2470, 1.2603, 12,0, 12,0,YES,3D,8/29/2023 11:08:19 PM,,
CUBE12656291, 7.00,, 200, 976,, 90, 0.285306, 0.355474, 0.359220, 0.001499,-0.001749,-0.017318,-4.272E-06, 5.608E-03, 3.103E-04, 1.090760, 1.064939, 0.844302, 228.7, 71.1, 92.3, 13.9, 359.1, 12.5, 345.6, 12.4, 76.1, 2.2, 176.1, 77.4, 1.0242, 1.2613, 1.2919, 1.3270, 12,0, 12,0,YES,3D,8/29/2023 11:28:41 PM,,
CUBE12656311, 7.00,, 200, 976,, 90, 0.350374, 0.340779, 0.308848, 0.011771, 0.005746,-0.027262,-4.272E-06, 5.135E-03, 1.813E-04, 1.099555, 1.021312, 0.879134, 199.8, 22.3, 101.5, 19.3, 334.6, 59.7, 320.5, 60.5, 70.3, 10.9, 165.9, 27.1, 1.0766, 1.1617, 1.2507, 1.2561, 12,0, 12,0,YES,3D,8/29/2023 11:32:38 PM,,
CUBE12656331, 7.00,, 200, 976,, 90, 0.303164, 0.349429, 0.347408, 0.000107, 0.000536,-0.003608,-4.272E-06, 2.336E-03, 1.769E-04, 1.048729, 1.042658, 0.908612, 91.1, 15.6, 253.7, 73.7, 359.8, 4.6, 74.4, 1.1, 344.3, 4.5, 177.7, 85.4, 1.0058, 1.1475, 1.1542, 1.1763, 12,0, 12,0,YES,3D,8/29/2023 11:34:26 PM,,
CUBE12656351, 7.00,, 200, 976,, 90, 0.304493, 0.350596, 0.344912, 0.003068,-0.000362,-0.000202,-4.272E-06, 5.054E-03, 1.750E-04, 1.052468, 1.034666, 0.912866, 266.2, 3.6, 90.2, 86.4, 356.2, 0.3, 273.6, 3.8, 3.6, 0.0, 93.8, 86.2, 1.0172, 1.1334, 1.1529, 1.1681, 12,0, 12,0,YES,3D,8/29/2023 11:35:59 PM,,
CUBE12647381, 7.00,, 200, 976,, 90, 0.319496, 0.341974, 0.338530,-0.000985, 0.001276,-0.006625,-4.272E-06, 1.729E-03, 1.514E-04, 1.028878, 1.018908, 0.952215, 102.0, 30.7, 246.2, 53.8, 1.4, 17.3, 58.7, 10.3, 326.2, 13.8, 184.4, 72.6, 1.0098, 1.0700, 1.0805, 1.0880, 12,0, 12,0,YES,3D,8/29/2023 11:39:32 PM,,
CUBE12656371, 7.00,, 200, 976,, 90, 0.303496, 0.351607, 0.344896,-0.008122,-0.000887,-0.009900,-4.272E-06, 5.108E-03, 1.842E-04, 1.059082, 1.040995, 0.899923, 100.6, 6.7, 218.4, 75.8, 9.2, 12.4, 83.2, 10.6, 351.1, 11.1, 215.8, 74.6, 1.0174, 1.1568, 1.1769, 1.1959, 12,0, 12,0,YES,3D,8/29/2023 11:41:51 PM,,
CUBE12656391, 7.00,, 200, 976,, 90, 0.303786, 0.351391, 0.344823,-0.004385,-0.000574,-0.007281,-4.272E-06, 3.354E-03, 1.808E-04, 1.055379, 1.038214, 0.906407, 95.4, 0.9, 190.5, 80.2, 5.2, 9.7, 89.1, 5.4, 358.2, 9.6, 207.9, 79.0, 1.0165, 1.1454, 1.1644, 1.1818, 12,0, 12,0,YES,3D,8/29/2023 11:43:31 PM,,
CUBE12656501, 7.00,, 200, 976,, 90, 0.310145, 0.344477, 0.345377, 0.000578, 0.000731, 0.000308,-4.272E-06, 3.774E-03, 1.403E-04, 1.037383, 1.032218, 0.930399, 88.2, 60.6, 269.3, 29.4, 179.0, 0.5, 209.4, 0.9, 299.4, 0.6, 63.3, 88.9, 1.0050, 1.1094, 1.1150, 1.1308, 12,0, 12,0,YES,3D,8/29/2023 11:45:02 PM,,
CUBE12656521, 7.00,, 200, 976,, 90, 0.309219, 0.345748, 0.345034, 0.002580,-0.001663,-0.000759,-4.272E-06, 3.427E-03, 1.499E-04, 1.041767, 1.031156, 0.927077, 265.2, 37.8, 87.3, 52.2, 356.0, 1.0, 307.9, 3.8, 217.7, 1.6, 104.4, 85.9, 1.0103, 1.1123, 1.1237, 1.1379, 12,0, 12,0,YES,3D,8/29/2023 11:46:41 PM,,
CUBE12656541, 7.00,, 200, 976,, 90, 0.310760, 0.347778, 0.341462,-0.001129,-0.002233,-0.005955,-4.272E-06, 4.487E-03, 1.399E-04, 1.045512, 1.025735, 0.928753, 268.7, 18.6, 120.8, 68.3, 2.3, 10.7, 288.6, 1.3, 18.9, 10.9, 192.1, 79.0, 1.0193, 1.1044, 1.1257, 1.1356, 12,0, 12,0,YES,3D,8/29/2023 11:48:15 PM,,
CUBE12656561, 7.00,, 200, 976,, 90, 0.319351, 0.342335, 0.338314,-0.000645,-0.000490,-0.001931,-4.272E-06, 4.131E-03, 9.436E-05, 1.027205, 1.015388, 0.957407, 271.1, 6.3, 133.9, 81.4, 1.7, 5.8, 96.3, 1.1, 6.2, 5.9, 196.5, 84.0, 1.0116, 1.0606, 1.0729, 1.0784, 12,0, 12,0,YES,3D,8/29/2023 11:49:53 PM,,
CUBE12656581, 7.00,, 200, 976,, 90, 0.314348, 0.343116, 0.342536,-0.000855,-0.000104,-0.001889,-4.272E-06, 3.382E-03, 1.138E-04, 1.029439, 1.027972, 0.942589, 271.3, 5.7, 125.6, 83.2, 1.7, 3.8, 95.7, 1.3, 5.6, 4.0, 204.0, 85.8, 1.0014, 1.0906, 1.0921, 1.1062, 12,0, 12,0,YES,3D,8/29/2023 11:51:28 PM,,
CUBE12656601, 7.00,, 200, 976,, 90, 0.318427, 0.340534, 0.341039,-0.003727, 0.001375,-0.002686,-4.272E-06, 3.863E-03, 1.010E-04, 1.029005, 1.018305, 0.952689, 105.0, 45.9, 273.2, 43.5, 8.9, 5.9, 43.1, 10.4, 133.6, 2.3, 236.0, 79.3, 1.0105, 1.0689, 1.0801, 1.0872, 12,0, 12,0,YES,3D,8/29/2023 11:52:58 PM,,
CUBE12656691, 7.00,, 200, 976,, 90, 0.316663, 0.344190, 0.339147, 0.001887,-0.000014,-0.003196,-4.272E-06, 3.488E-03, 1.047E-04, 1.032988, 1.018731, 0.948280, 265.8, 2.8, 156.7, 81.7, 356.2, 7.9, 272.8, 4.2, 3.3, 7.7, 154.2, 81.2, 1.0140, 1.0743, 1.0893, 1.0962, 12,0, 12,0,YES,3D,8/29/2023 11:54:35 PM,,
CUBE12656711, 7.00,, 200, 976,, 90, 0.302374, 0.351452, 0.346174,-0.000023, 0.001327,-0.000915,-4.272E-06, 2.766E-03, 1.779E-04, 1.055304, 1.037631, 0.907065, 90.3, 13.4, 265.0, 76.6, 360.0, 1.2, 76.6, 0.3, 346.6, 1.2, 179.7, 88.8, 1.0170, 1.1439, 1.1634, 1.1805, 12,0, 12,0,YES,3D,8/29/2023 11:56:05 PM,,
CUBE12656731, 7.00,, 200, 976,, 90, 0.310427, 0.347702, 0.341872, 0.000803,-0.000711,-0.005973,-4.272E-06, 3.955E-03, 1.388E-04, 1.043577, 1.028467, 0.927957, 267.2, 9.5, 135.8, 75.9, 359.0, 10.4, 279.5, 2.7, 9.9, 10.1, 174.5, 79.6, 1.0147, 1.1083, 1.1246, 1.1366, 12,0, 12,0,YES,3D,8/29/2023 11:57:37 PM,,
CUBE12656751, 7.00,, 200, 976,, 90, 0.302520, 0.350021, 0.347460,-0.001152,-0.001411,-0.007756,-4.272E-06, 2.842E-03, 1.966E-04, 1.052324, 1.044135, 0.903542, 265.9, 30.6, 107.0, 57.6, 1.6, 9.6, 300.7, 3.5, 31.2, 9.0, 189.6, 80.3, 1.0078, 1.1556, 1.1647, 1.1873, 12,0, 12,0,YES,3D,8/29/2023 11:59:10 PM,,
CUBE12656771, 7.00,, 200, 976,, 90, 0.295278, 0.356617, 0.348105, 0.000521,-0.000073,-0.008354,-4.272E-06, 2.548E-03, 2.137E-04, 1.069873, 1.048172, 0.881954, 269.4, 1.1, 172.2, 81.2, 359.5, 8.8, 271.1, 0.6, 1.2, 8.8, 177.0, 81.2, 1.0207, 1.1885, 1.2131, 1.2364, 12,0, 12,0,YES,3D,8/30/2023 12:00:37 AM,,
CUBE12656791, 7.00,, 200, 976,, 90, 0.313606, 0.344756, 0.341638,-0.002871, 0.002123, 0.004040,-4.272E-06, 2.472E-03, 1.407E-04, 1.037552, 1.024268, 0.938180, 91.7, 25.4, 292.4, 63.0, 185.7, 8.3, 64.6, 1.5, 154.8, 9.9, 325.9, 79.9, 1.0130, 1.0918, 1.1059, 1.1158, 12,0, 12,0,YES,3D,8/30/2023 12:02:06 AM,,
CUBE12656901, 7.00,, 200, 976,, 90, 0.305978, 0.347253, 0.346769,-0.001387,-0.001081,-0.002895,-4.272E-06, 4.398E-03, 1.664E-04, 1.044399, 1.038434, 0.917167, 268.6, 40.2, 96.8, 49.5, 2.0, 4.1, 310.2, 1.1, 40.3, 4.4, 206.3, 85.4, 1.0057, 1.1322, 1.1387, 1.1581, 12,0, 12,0,YES,3D,8/30/2023 12:03:39 AM,,
CUBE12656921, 7.00,, 200, 976,, 90, 0.313080, 0.345212, 0.341708, 0.000474, 0.000133,-0.004706,-4.272E-06, 2.081E-03, 1.305E-04, 1.035662, 1.027382, 0.936957, 89.3, 1.3, 187.3, 80.8, 359.1, 9.1, 268.7, 0.7, 358.8, 9.1, 174.6, 80.9, 1.0081, 1.0965, 1.1053, 1.1177, 12,0, 12,0,YES,3D,8/30/2023 12:05:09 AM,,
CUBE12656941, 7.00,, 200, 976,, 90, 0.306604, 0.347609, 0.345788, 0.000712, 0.000370,-0.007437,-4.272E-06, 2.547E-03, 1.722E-04, 1.043160, 1.041163, 0.915678, 93.3, 22.3, 245.6, 65.2, 358.9, 10.4, 67.7, 3.0, 337.2, 10.0, 174.3, 79.5, 1.0019, 1.1370, 1.1392, 1.1612, 12,0, 12,0,YES,3D,8/30/2023 12:06:41 AM,,
CUBE12656961, 7.00,, 200, 976,, 90, 0.301004, 0.351093, 0.347902,-0.002691, 0.001386,-0.000529,-4.272E-06, 1.907E-03, 2.048E-04, 1.055266, 1.042166, 0.902568, 93.3, 20.1, 271.5, 69.8, 3.1, 0.6, 69.8, 3.1, 159.9, 0.5, 259.7, 86.9, 1.0126, 1.1547, 1.1692, 1.1897, 12,0, 12,0,YES,3D,8/30/2023 12:08:09 AM,,
CUBE12656981, 7.00,, 200, 976,, 90, 0.310255, 0.345925, 0.343820, 0.000037, 0.000720,-0.000628,-4.272E-06, 2.031E-03, 1.488E-04, 1.038444, 1.030825, 0.930730, 90.3, 17.3, 266.5, 72.7, 359.9, 1.1, 72.7, 0.2, 342.7, 1.0, 175.7, 88.9, 1.0074, 1.1075, 1.1157, 1.1302, 12,0, 12,0,YES,3D,8/30/2023 12:09:36 AM,,
CUBE12657001, 7.00,, 200, 976,, 90, 0.317176, 0.340860, 0.341964,-0.000261, 0.002554,-0.003285,-4.272E-06, 3.658E-03, 1.015E-04, 1.032913, 1.016842, 0.950245, 99.7, 52.7, 264.3, 36.3, 359.8, 7.4, 36.9, 5.9, 306.4, 4.6, 178.7, 82.6, 1.0158, 1.0701, 1.0870, 1.0927, 12,0, 12,0,YES,3D,8/30/2023 12:11:41 AM,,
CUBE12657021, 7.00,, 200, 976,, 90, 0.311812, 0.348247, 0.339941, 0.003335, 0.003747,-0.003489,-4.272E-06, 4.964E-03, 1.285E-04, 1.049350, 1.017647, 0.933003, 86.9, 19.8, 244.2, 68.6, 354.1, 7.6, 250.1, 2.9, 340.6, 9.1, 142.4, 80.4, 1.0312, 1.0907, 1.1247, 1.1297, 12,0, 12,0,YES,3D,8/30/2023 12:13:13 AM,,
CUBE12657061, 7.00,, 200, 976,, 90, 0.316779, 0.341080, 0.342141,-0.001739,-0.000892,-0.000775,-4.272E-06, 2.378E-03, 1.194E-04, 1.027951, 1.022167, 0.949882, 270.9, 60.0, 95.2, 30.0, 4.1, 1.9, 150.0, 0.4, 59.9, 4.5, 245.5, 85.5, 1.0057, 1.0761, 1.0822, 1.0921, 12,0, 12,0,YES,3D,8/30/2023 12:14:43 AM,,
CUBE12657251, 7.00,, 200, 976,, 90, 0.311801, 0.345529, 0.342671, 0.000593,-0.000334, 0.005299,-4.272E-06, 4.530E-03, 1.449E-04, 1.036702, 1.030585, 0.932713, 270.0, 6.6, 34.6, 78.4, 178.9, 9.5, 96.6, 0.0, 186.7, 9.5, 6.4, 80.5, 1.0059, 1.1049, 1.1115, 1.1261, 12,0, 12,0,YES,3D,8/30/2023 12:16:09 AM,,
CUBE12657081, 7.00,, 200, 976,, 90, 0.298113, 0.353561, 0.348326,-0.002239,-0.001115, 0.002044,-4.272E-06, 2.436E-03, 2.242E-04, 1.061733, 1.044436, 0.893830, 272.8, 12.2, 81.9, 77.5, 182.3, 2.3, 102.3, 2.7, 192.3, 1.7, 315.2, 86.8, 1.0166, 1.1685, 1.1878, 1.2093, 12,0, 12,0,YES,3D,8/30/2023 12:17:38 AM,,
CUBE12657101, 7.00,, 200, 976,, 90, 0.313796, 0.343620, 0.342584, 0.002064,-0.001088,-0.003220,-4.272E-06, 3.559E-03, 1.334E-04, 1.034124, 1.025926, 0.939950, 261.9, 35.8, 94.7, 53.5, 356.3, 6.1, 306.1, 6.6, 36.4, 2.8, 149.2, 82.9, 1.0080, 1.0915, 1.1002, 1.1118, 12,0, 12,0,YES,3D,8/30/2023 12:19:05 AM,,
CUBE12657141, 7.00,, 200, 976,, 90, 0.313189, 0.345365, 0.341446,-0.001097, 0.001149,-0.003068,-4.272E-06, 2.113E-03, 1.293E-04, 1.037366, 1.024142, 0.938492, 93.6, 17.1, 253.0, 71.8, 1.7, 6.0, 72.8, 3.4, 342.5, 5.3, 195.8, 83.7, 1.0129, 1.0913, 1.1054, 1.1152, 12,0, 12,0,YES,3D,8/30/2023 12:21:01 AM,,
CUBE12657161, 7.00,, 200, 976,, 90, 0.309235, 0.346729, 0.344036, 0.001088, 0.000955,-0.000716,-4.272E-06, 4.555E-03, 1.419E-04, 1.041153, 1.031284, 0.927564, 88.7, 17.3, 264.4, 72.7, 358.3, 1.2, 252.7, 1.3, 342.7, 1.7, 125.9, 87.9, 1.0096, 1.1118, 1.1225, 1.1368, 12,0, 12,0,YES,3D,8/30/2023 12:24:46 AM,,
CUBE12657181, 7.00,, 200, 976,, 90, 0.310910, 0.347909, 0.341182, 0.004049, 0.000232,-0.004888,-4.272E-06, 3.269E-03, 1.420E-04, 1.045080, 1.025780, 0.929140, 263.5, 2.6, 157.3, 80.8, 353.9, 8.8, 272.6, 6.5, 3.6, 8.5, 145.6, 79.3, 1.0188, 1.1040, 1.1248, 1.1347, 12,0, 12,0,YES,3D,8/30/2023 12:26:22 AM,,
CUBE12657201, 7.00,, 200, 976,, 90, 0.314149, 0.344546, 0.341305, 0.001916,-0.000407,-0.005739,-4.272E-06, 3.558E-03, 1.263E-04, 1.034693, 1.026655, 0.938652, 263.2, 16.8, 119.3, 69.6, 356.7, 11.4, 286.9, 6.5, 18.0, 9.8, 163.9, 78.2, 1.0078, 1.0938, 1.1023, 1.1143, 12,0, 12,0,YES,3D,8/30/2023 12:27:51 AM,,
CUBE12657411, 7.00,, 200, 976,, 90, 0.321257, 0.341233, 0.337510, 0.002874, 0.001324, 0.004387,-4.272E-06, 3.972E-03, 1.003E-04, 1.027551, 1.012863, 0.959586, 77.0, 24.5, 289.4, 61.7, 173.2, 13.4, 245.0, 11.9, 153.0, 9.1, 26.5, 75.0, 1.0145, 1.0555, 1.0708, 1.0748, 12,0, 12,0,YES,3D,8/30/2023 12:29:21 AM,,
CUBE12657431, 7.00,, 200, 976,, 90, 0.316969, 0.341945, 0.341086, 0.001422, 0.001440,-0.000942,-4.272E-06, 2.519E-03, 1.216E-04, 1.029094, 1.020371, 0.950535, 88.4, 36.0, 263.3, 53.9, 356.6, 2.4, 234.0, 1.3, 324.1, 3.9, 125.6, 85.8, 1.0086, 1.0735, 1.0826, 1.0911, 12,0, 12,0,YES,3D,8/30/2023 12:30:50 AM,,
CUBE12657451, 7.00,, 200, 976,, 90, 0.311122, 0.344870, 0.344008, 0.003101, 0.000340, 0.000405,-4.272E-06, 3.073E-03, 1.436E-04, 1.035795, 1.031700, 0.932505, 84.6, 16.7, 266.9, 73.3, 174.8, 0.6, 253.2, 5.2, 343.3, 0.9, 82.9, 84.8, 1.0040, 1.1064, 1.1108, 1.1265, 12,0, 12,0,YES,3D,8/30/2023 12:32:18 AM,,
